[{"empId":1001,"empName":"Jack","empSalary":40000,"empAddress":{"city":"Pune","state":"Maharashtra"}},{"empId":1002,"empName":"Jill","empSalary":42000,"empAddress":{"city":"Nashik","state":"Maharashtra"}},{"empId":1003,"empName":"Sebastian","empSalary":14000,"empAddress":{"city":"Agra","state":"Uttar Pradesh"}},{"empId":1004,"empName":"Jessica","empSalary":30000,"empAddress":{"city":"pune","state":"Uttar Pradesh"}},{"empId":1005,"empName":"Terena","empSalary":45000,"empAddress":{"city":"San Diego","state":"California"}},{"empId":1006,"empName":"Aadel","empSalary":50000,"empAddress":{"city":"San Jose","state":"California"}},{"empId":100},{"empId":1007,"empName":"sow"}]